"","x"
"1","B108 x R11"
"2","B108 x R110"
"3","B108 x R115"
"4","B108 x R151"
"5","B108 x R157"
"6","B108 x R167"
"7","B108 x R171"
"8","B108 x R177"
"9","B108 x R183"
"10","B108 x R187"
"11","B108 x R2"
"12","B108 x R21"
"13","B108 x R3"
"14","B108 x R69"
"15","B108 x R70"
"16","B108 x R75"
"17","B108 x R80"
"18","B108 x R9"
"19","B110 x R11"
"20","B110 x R110"
"21","B110 x R115"
"22","B110 x R151"
"23","B110 x R157"
"24","B110 x R167"
"25","B110 x R171"
"26","B110 x R177"
"27","B110 x R2"
"28","B110 x R21"
"29","B110 x R22"
"30","B110 x R3"
"31","B110 x R69"
"32","B110 x R70"
"33","B110 x R80"
"34","B110 x R83"
"35","B110 x R9"
"36","B130 x R11"
"37","B130 x R110"
"38","B130 x R115"
"39","B130 x R151"
"40","B130 x R157"
"41","B130 x R167"
"42","B130 x R171"
"43","B130 x R177"
"44","B130 x R183"
"45","B130 x R187"
"46","B130 x R2"
"47","B130 x R21"
"48","B130 x R22"
"49","B130 x R3"
"50","B130 x R69"
"51","B130 x R70"
"52","B130 x R75"
"53","B130 x R80"
"54","B130 x R83"
"55","B130 x R9"
"56","B159 x R11"
"57","B159 x R110"
"58","B159 x R115"
"59","B159 x R151"
"60","B159 x R157"
"61","B159 x R167"
"62","B159 x R171"
"63","B159 x R177"
"64","B159 x R183"
"65","B159 x R187"
"66","B159 x R2"
"67","B159 x R21"
"68","B159 x R22"
"69","B159 x R3"
"70","B159 x R69"
"71","B159 x R70"
"72","B159 x R75"
"73","B159 x R80"
"74","B159 x R83"
"75","B159 x R9"
"76","B169 x R11"
"77","B169 x R110"
"78","B169 x R115"
"79","B169 x R151"
"80","B169 x R157"
"81","B169 x R171"
"82","B169 x R177"
"83","B169 x R183"
"84","B169 x R187"
"85","B169 x R2"
"86","B169 x R21"
"87","B169 x R3"
"88","B169 x R69"
"89","B169 x R70"
"90","B169 x R83"
"91","B169 x R9"
"92","B191 x R110"
"93","B191 x R115"
"94","B191 x R151"
"95","B191 x R167"
"96","B191 x R171"
"97","B191 x R183"
"98","B191 x R2"
"99","B191 x R21"
"100","B191 x R22"
"101","B191 x R3"
"102","B191 x R69"
"103","B191 x R70"
"104","B191 x R75"
"105","B191 x R80"
"106","B191 x R9"
"107","B24 x R11"
"108","B24 x R110"
"109","B24 x R115"
"110","B24 x R151"
"111","B24 x R157"
"112","B24 x R167"
"113","B24 x R171"
"114","B24 x R177"
"115","B24 x R183"
"116","B24 x R187"
"117","B24 x R2"
"118","B24 x R21"
"119","B24 x R22"
"120","B24 x R3"
"121","B24 x R69"
"122","B24 x R70"
"123","B24 x R75"
"124","B24 x R80"
"125","B24 x R83"
"126","B24 x R9"
"127","B37 x R115"
"128","B37 x R167"
"129","B37 x R171"
"130","B37 x R177"
"131","B37 x R183"
"132","B37 x R187"
"133","B37 x R2"
"134","B37 x R21"
"135","B37 x R22"
"136","B37 x R3"
"137","B37 x R69"
"138","B37 x R70"
"139","B37 x R83"
"140","B37 x R9"
"141","B3 x R11"
"142","B3 x R110"
"143","B3 x R115"
"144","B3 x R151"
"145","B3 x R157"
"146","B3 x R167"
"147","B3 x R171"
"148","B3 x R177"
"149","B3 x R183"
"150","B3 x R187"
"151","B3 x R2"
"152","B3 x R21"
"153","B3 x R22"
"154","B3 x R3"
"155","B3 x R69"
"156","B3 x R70"
"157","B3 x R75"
"158","B3 x R80"
"159","B3 x R83"
"160","B3 x R9"
"161","B64 x R11"
"162","B64 x R110"
"163","B64 x R115"
"164","B64 x R151"
"165","B64 x R157"
"166","B64 x R167"
"167","B64 x R171"
"168","B64 x R177"
"169","B64 x R183"
"170","B64 x R187"
"171","B64 x R2"
"172","B64 x R21"
"173","B64 x R22"
"174","B64 x R3"
"175","B64 x R69"
"176","B64 x R70"
"177","B64 x R75"
"178","B64 x R80"
"179","B64 x R83"
"180","B64 x R9"
"181","B65 x R11"
"182","B65 x R110"
"183","B65 x R115"
"184","B65 x R151"
"185","B65 x R157"
"186","B65 x R167"
"187","B65 x R171"
"188","B65 x R177"
"189","B65 x R183"
"190","B65 x R187"
"191","B65 x R2"
"192","B65 x R21"
"193","B65 x R22"
"194","B65 x R3"
"195","B65 x R69"
"196","B65 x R70"
"197","B65 x R75"
"198","B65 x R80"
"199","B65 x R83"
"200","B65 x R9"
"201","B86 x R11"
"202","B86 x R110"
"203","B86 x R115"
"204","B86 x R151"
"205","B86 x R157"
"206","B86 x R171"
"207","B86 x R177"
"208","B86 x R2"
"209","B86 x R21"
"210","B86 x R22"
"211","B86 x R3"
"212","B86 x R70"
"213","B86 x R75"
"214","B86 x R80"
"215","B86 x R83"
"216","B86 x R9"
"217","B96 x R11"
"218","B96 x R110"
"219","B96 x R115"
"220","B96 x R151"
"221","B96 x R157"
"222","B96 x R167"
"223","B96 x R171"
"224","B96 x R177"
"225","B96 x R183"
"226","B96 x R187"
"227","B96 x R2"
"228","B96 x R21"
"229","B96 x R22"
"230","B96 x R3"
"231","B96 x R69"
"232","B96 x R70"
"233","B96 x R75"
"234","B96 x R80"
"235","B96 x R83"
"236","B96 x R9"
"237","B108"
"238","B110"
"239","B130"
"240","B159"
"241","B169"
"242","B191"
"243","B24"
"244","B3"
"245","B37"
"246","B64"
"247","B65"
"248","B86"
"249","B96"
"250","R11"
"251","R110"
"252","R115"
"253","R151"
"254","R157"
"255","R167"
"256","R171"
"257","R177"
"258","R183"
"259","R187"
"260","R2"
"261","R21"
"262","R22"
"263","R3"
"264","R69"
"265","R70"
"266","R75"
"267","R80"
"268","R83"
"269","R9"
